CASE_ID,WRKFLW_TSK_MAP_GROUPED,WRKFLW_TSK_MAP_DETAILED,PATH_CRDATETIME,ITEM_CRUSER,WRKFLW_ORG_TYPE_CRUSER,STATUS_ORDER,LATEST_STATUS,WRKFLW_PROCESS,QUERY_PART,REFERRAL_ID,APPLICATION_ID,APPLICATION_LINE_ID,STU_ID,STU_CITIZEN_CD,STU_CITIZEN_NM,STU_BIRTH_DT,STU_ABOR_TSI_CD,STU_ABOR_TSI_NM,STU_BIRTH_CNTRY_CD,STU_BIRTH_CNTRY_NM,STU_CTZN_CNTRY_CD,STU_CTZN_CNTRY_NM,SUBMISSION_METHOD,ENTRY_TYPE,ASSESSMENT_DECISION_SCORE,ASSESSMENT_DECISION_NM,ASSESSMENT_OUTCOME_NM,LAST_COUNTRY_EDUCATION,PREV_INST_NM_MAIN,PREV_INST_NM_ALT1,PREV_INST_NM_ALT2,PREFERENCE_NO,SPK_CD,SPK_FULL_TITLE,ORG_UNIT_CD,AVAIL_ORG_UNIT_NM,SUPPORTING_ORG,STUDY_MODE_CD,RETURNING_DEFERRAL,CURR_AVAIL_YR,CURR_STUDY_PERIOD,CURR_SPRD_CD,CURR_SPRD_NM,ORIG_AVAIL_YR,ORIG_STUDY_PERIOD,ORIG_SPRD_CD,ORIG_SPRD_NM,SPK_CAT_TYPE_CD,BROAD_COURSE_LEVEL,DEGREETYPE,LIABILITY_CATEGORY_CD_RECODE,ORIG_LIABILITY_CATEGORY_CD_RECODE,OFFER_RELEASED_FG,OFFER_OUTCOME_CD,OFFER_CONDITIONS
1108597|477482|732532,Release Offer,Release Offer,23/5/2019 10:52:08,THOMPSONN,Faculty,4,N,3b. Offer stage,Part 2 - Application Line ID Workflow,,477482,732532,1108597,3,Permanent Resident (excl Humanitarian),11/4/1980 0:00:00,N,No,8205,Colombia,8205.0,Colombia,Online Application,Masters CW,82.87,Qualified,Successful,Colombia,Pontifical Bolivarian University,Pontifical Bolivarian University,,1,761EM,Master of Engineering Management,400,Engineering,,STD,N,2019,Mid Year Intake,MDYI,Mid Year Intake,2019,Mid Year Intake,MDYI,Mid Year Intake,MCW,HDCW,Full Degree,AF,AF,Y,$ACC,N
1108597|477482|732532,Accept,Accept,25/5/2019 11:24:47,THOMPSONN,Faculty,3,N,4. Post offer,Part 2 - Application Line ID Workflow,,477482,732532,1108597,3,Permanent Resident (excl Humanitarian),11/4/1980 0:00:00,N,No,8205,Colombia,8205.0,Colombia,Online Application,Masters CW,82.87,Qualified,Successful,Colombia,Pontifical Bolivarian University,Pontifical Bolivarian University,,1,761EM,Master of Engineering Management,400,Engineering,,STD,N,2019,Mid Year Intake,MDYI,Mid Year Intake,2019,Mid Year Intake,MDYI,Mid Year Intake,MCW,HDCW,Full Degree,AF,AF,Y,$ACC,N
1120436|490900|754192,Release Offer,Release Offer,9/7/2019 12:28:25,CGRAVIER,Faculty,6,N,3b. Offer stage,Part 2 - Application Line ID Workflow,,490900,754192,1120436,1,Australian,22/4/1961 0:00:00,N,No,1100,Australia,1100.0,Australia,Online Application,,0.0,Qualified,Successful,,,,,1,MC-ENGYSYS,Master of Energy Systems,400,Engineering,,STD,N,2020,Start Year Intake,STYI,Start Year Intake,2020,Start Year Intake,STYI,Start Year Intake,MCW,HDCW,Full Degree,AF,AF,Y,$ACC,Y
1120436|490900|754192,Manage Acceptance,Manage Acceptance,12/7/2019 11:23:51,1120436,,5,N,4. Post offer,Part 2 - Application Line ID Workflow,,490900,754192,1120436,1,Australian,22/4/1961 0:00:00,N,No,1100,Australia,1100.0,Australia,Online Application,,0.0,Qualified,Successful,,,,,1,MC-ENGYSYS,Master of Energy Systems,400,Engineering,,STD,N,2020,Start Year Intake,STYI,Start Year Intake,2020,Start Year Intake,STYI,Start Year Intake,MCW,HDCW,Full Degree,AF,AF,Y,$ACC,Y
1120436|490900|754192,Accept,Accept,12/7/2019 11:23:51,CGRAVIER,Faculty,4,N,4. Post offer,Part 2 - Application Line ID Workflow,,490900,754192,1120436,1,Australian,22/4/1961 0:00:00,N,No,1100,Australia,1100.0,Australia,Online Application,,0.0,Qualified,Successful,,,,,1,MC-ENGYSYS,Master of Energy Systems,400,Engineering,,STD,N,2020,Start Year Intake,STYI,Start Year Intake,2020,Start Year Intake,STYI,Start Year Intake,MCW,HDCW,Full Degree,AF,AF,Y,$ACC,Y
70289|574074|874352,Release Offer,Release Offer,24/1/2020 16:08:02,CORDELLE,Academic Services,4,N,3b. Offer stage,Part 2 - Application Line ID Workflow,,574074,874352,70289,1,Australian,21/5/1980 0:00:00,N,No,1100,Australia,1100.0,Australia,Online Application,,0.0,Qualified,Successful,,,,,1,MC-ITMEXEC,Master of IT Management (Executive),400,Engineering,Melbourne School of Professional and Continuing Education,GOM,N,2020,Start Year Intake,TM1I,Term 1 Intake (Wholly Online),2020,Start Year Intake,TM1I,Term 1 Intake (Wholly Online),MCW,HDCW,Full Degree,AF,AF,Y,$ACC,N
70289|574074|874352,Accept,Accept,27/1/2020 20:51:42,CORDELLE,Academic Services,3,N,4. Post offer,Part 2 - Application Line ID Workflow,,574074,874352,70289,1,Australian,21/5/1980 0:00:00,N,No,1100,Australia,1100.0,Australia,Online Application,,0.0,Qualified,Successful,,,,,1,MC-ITMEXEC,Master of IT Management (Executive),400,Engineering,Melbourne School of Professional and Continuing Education,GOM,N,2020,Start Year Intake,TM1I,Term 1 Intake (Wholly Online),2020,Start Year Intake,TM1I,Term 1 Intake (Wholly Online),MCW,HDCW,Full Degree,AF,AF,Y,$ACC,N
1063862|419463|650110,Release Offer,Release Offer,10/1/2019 15:13:11,CHRISTINAA,Faculty,7,N,3b. Offer stage,Part 2 - Application Line ID Workflow,,419463,650110,1063862,1,Australian,22/10/1994 0:00:00,N,No,7107,Sri Lanka,1100.0,Australia,Online Application,Bachelor (equiv Aust 3yr deg),74.15,Qualified,Successful,Australia,University of Western Australia,University of Western Australia,,1,MC-ENG,Master of Engineering,400,Engineering,,STD,Y,2019,Mid Year Intake,MDYI,Mid Year Intake,2019,Start Year Intake,STYI,Start Year Intake,MCW,HDCW,Full Degree,AF,AS,Y,$ACC,N
1063862|419463|650110,Assessment Decision - Qualified,Assessment Decision - Qualified,10/1/2019 15:22:06,CHRISTINAA,Faculty,6,N,2. Perform Assessment,Part 4 - Assessment Decision,,419463,650110,1063862,1,Australian,22/10/1994 0:00:00,N,No,7107,Sri Lanka,1100.0,Australia,Online Application,Bachelor (equiv Aust 3yr deg),74.15,Qualified,Successful,Australia,University of Western Australia,University of Western Australia,,1,MC-ENG,Master of Engineering,400,Engineering,,STD,Y,2019,Mid Year Intake,MDYI,Mid Year Intake,2019,Start Year Intake,STYI,Start Year Intake,MCW,HDCW,Full Degree,AF,AS,Y,$ACC,N
1063862|419463|650110,Accept,Accept,17/5/2019 12:11:00,CHRISTINAA,Faculty,5,N,4. Post offer,Part 2 - Application Line ID Workflow,,419463,650110,1063862,1,Australian,22/10/1994 0:00:00,N,No,7107,Sri Lanka,1100.0,Australia,Online Application,Bachelor (equiv Aust 3yr deg),74.15,Qualified,Successful,Australia,University of Western Australia,University of Western Australia,,1,MC-ENG,Master of Engineering,400,Engineering,,STD,Y,2019,Mid Year Intake,MDYI,Mid Year Intake,2019,Start Year Intake,STYI,Start Year Intake,MCW,HDCW,Full Degree,AF,AS,Y,$ACC,N
1179677|573921|874117,Release Offer,Release Offer,24/1/2020 16:11:56,CORDELLE,Academic Services,4,N,3b. Offer stage,Part 2 - Application Line ID Workflow,,573921,874117,1179677,1,Australian,23/7/1992 0:00:00,N,No,1100,Australia,1100.0,Australia,Online Application,,0.0,Qualified,Successful,,,,,1,MC-ITMEXEC,Master of IT Management (Executive),400,Engineering,Melbourne School of Professional and Continuing Education,GOM,N,2020,Start Year Intake,TM1I,Term 1 Intake (Wholly Online),2020,Start Year Intake,TM1I,Term 1 Intake (Wholly Online),MCW,HDCW,Full Degree,AF,AF,Y,$ACC,N
1179677|573921|874117,Accept,Accept,25/1/2020 16:51:43,CORDELLE,Academic Services,3,N,4. Post offer,Part 2 - Application Line ID Workflow,,573921,874117,1179677,1,Australian,23/7/1992 0:00:00,N,No,1100,Australia,1100.0,Australia,Online Application,,0.0,Qualified,Successful,,,,,1,MC-ITMEXEC,Master of IT Management (Executive),400,Engineering,Melbourne School of Professional and Continuing Education,GOM,N,2020,Start Year Intake,TM1I,Term 1 Intake (Wholly Online),2020,Start Year Intake,TM1I,Term 1 Intake (Wholly Online),MCW,HDCW,Full Degree,AF,AF,Y,$ACC,N
1077116|438363|677617,Release Offer,Release Offer,14/2/2019 10:39:48,CHRISTINAA,Faculty,2,N,3b. Offer stage,Part 2 - Application Line ID Workflow,,438363,677617,1077116,3,Permanent Resident (excl Humanitarian),5/9/1984 0:00:00,N,No,7106,Pakistan,7106.0,Pakistan,Online Application,Bachelor (equiv Aust 3yr deg),74.0,Qualified,Successful,Pakistan,NED University,,,1,MC-ENG,Master of Engineering,400,Engineering,,STD,N,2019,Mid Year Intake,MDYI,Mid Year Intake,2019,Mid Year Intake,MDYI,Mid Year Intake,MCW,HDCW,Full Degree,AF,AS,Y,$DEC,N
1077116|438363|677617,Decline,Decline,21/2/2019 2:39:55,CHRISTINAA,Faculty,1,Y,4. Post offer,Part 2 - Application Line ID Workflow,,438363,677617,1077116,3,Permanent Resident (excl Humanitarian),5/9/1984 0:00:00,N,No,7106,Pakistan,7106.0,Pakistan,Online Application,Bachelor (equiv Aust 3yr deg),74.0,Qualified,Successful,Pakistan,NED University,,,1,MC-ENG,Master of Engineering,400,Engineering,,STD,N,2019,Mid Year Intake,MDYI,Mid Year Intake,2019,Mid Year Intake,MDYI,Mid Year Intake,MCW,HDCW,Full Degree,AF,AS,Y,$DEC,N
357763|483272|741539,Release Offer,Release Offer,3/7/2019 16:57:24,CGRAVIER,Faculty,2,N,3b. Offer stage,Part 2 - Application Line ID Workflow,,483272,741539,357763,1,Australian,15/3/1990 0:00:00,N,No,8104,United States of America,1100.0,Australia,Online Application,Masters CW,0.0,Qualified,Successful,Australia,University of Melbourne,University of Melbourne,,1,GD-CS,Graduate Diploma in Computer Science,400,Engineering,,STD,N,2019,Mid Year Intake,MDYI,Mid Year Intake,2020,Start Year Intake,STYI,Start Year Intake,PGD,HDCW,Full Degree,AF,AS,Y,$DEF,N
357763|483272|741539,Defer,Defer,15/7/2019 16:20:48,CGRAVIER,Faculty,1,Y,4. Post offer,Part 2 - Application Line ID Workflow,,483272,741539,357763,1,Australian,15/3/1990 0:00:00,N,No,8104,United States of America,1100.0,Australia,Online Application,Masters CW,0.0,Qualified,Successful,Australia,University of Melbourne,University of Melbourne,,1,GD-CS,Graduate Diploma in Computer Science,400,Engineering,,STD,N,2019,Mid Year Intake,MDYI,Mid Year Intake,2020,Start Year Intake,STYI,Start Year Intake,PGD,HDCW,Full Degree,AF,AS,Y,$DEF,N
1057584|411091|637400,Release Offer,Release Offer,13/11/2018 10:41:44,CHRISTINAA,Faculty,1,Y,3b. Offer stage,Part 2 - Application Line ID Workflow,,411091,637400,1057584,3,Permanent Resident (excl Humanitarian),27/8/1991 0:00:00,N,No,6203,"Korea, Republic of (South)",6203.0,"Korea, Republic of (South)",Online Application,,72.3,Not Qualified,Successful,Australia,Australian National University,Australian National University,,2,MC-IT,Master of Information Technology,400,Engineering,,STD,N,2019,Start Year Intake,STYI,Start Year Intake,2019,Start Year Intake,STYI,Start Year Intake,MCW,HDCW,Full Degree,AF,AS,Y,,N
1025815|366554|572153,Release Offer,Release Offer,2/8/2018 9:19:23,CHRISTINAA,Faculty,7,N,3b. Offer stage,Part 2 - Application Line ID Workflow,,366554,572153,1025815,1,Australian,30/4/1993 0:00:00,N,No,5205,Singapore,1100.0,Australia,Online Application,Bachelor (equiv Aust 3yr deg),67.9,Qualified,Successful,Australia,University of Sydney,University of Sydney,,1,MC-ENG,Master of Engineering,400,Engineering,,STD,Y,2019,Mid Year Intake,MDYI,Mid Year Intake,2018,Mid Year Intake,MDYI,Mid Year Intake,MCW,HDCW,Full Degree,AF,AS,Y,$DEF,N
1025815|366554|572153,Defer,Defer,20/2/2019 16:27:51,CHRISTINAA,Faculty,6,N,4. Post offer,Part 2 - Application Line ID Workflow,,366554,572153,1025815,1,Australian,30/4/1993 0:00:00,N,No,5205,Singapore,1100.0,Australia,Online Application,Bachelor (equiv Aust 3yr deg),67.9,Qualified,Successful,Australia,University of Sydney,University of Sydney,,1,MC-ENG,Master of Engineering,400,Engineering,,STD,Y,2019,Mid Year Intake,MDYI,Mid Year Intake,2018,Mid Year Intake,MDYI,Mid Year Intake,MCW,HDCW,Full Degree,AF,AS,Y,$DEF,N
1102908|470757|722758,Release Offer,Release Offer,31/5/2019 14:21:38,CGRAVIER,Faculty,6,N,3b. Offer stage,Part 2 - Application Line ID Workflow,,470757,722758,1102908,1,Australian,22/10/1995 0:00:00,N,No,1100,Australia,1100.0,Australia,Online Application,,0.0,No Decision,Successful,Australia,University of Tasmania,University of Tasmania,,1,MC-ENG,Master of Engineering,400,Engineering,,STD,N,2019,Mid Year Intake,MDYI,Mid Year Intake,2019,Mid Year Intake,MDYI,Mid Year Intake,MCW,HDCW,Full Degree,AF,AS,Y,$ACC,N
1102908|470757|722758,Accept,Accept,3/6/2019 13:04:37,CGRAVIER,Faculty,5,N,4. Post offer,Part 2 - Application Line ID Workflow,,470757,722758,1102908,1,Australian,22/10/1995 0:00:00,N,No,1100,Australia,1100.0,Australia,Online Application,,0.0,No Decision,Successful,Australia,University of Tasmania,University of Tasmania,,1,MC-ENG,Master of Engineering,400,Engineering,,STD,N,2019,Mid Year Intake,MDYI,Mid Year Intake,2019,Mid Year Intake,MDYI,Mid Year Intake,MCW,HDCW,Full Degree,AF,AS,Y,$ACC,N
1077116|438363|677619,Release Offer,Release Offer,20/2/2019 16:21:27,ATKINSONM,Faculty,4,N,3b. Offer stage,Part 2 - Application Line ID Workflow,,438363,677619,1077116,3,Permanent Resident (excl Humanitarian),5/9/1984 0:00:00,N,No,7106,Pakistan,7106.0,Pakistan,Online Application,,74.0,Qualified,Successful,Pakistan,NED University,,,2,746ST,Master of Engineering Structures,400,Engineering,,STD,N,2019,Start Year Intake,STYI,Start Year Intake,2019,Start Year Intake,STYI,Start Year Intake,MCW,HDCW,Full Degree,AF,AF,Y,$ACC,N
1077116|438363|677619,Accept,Accept,21/2/2019 2:41:02,ATKINSONM,Faculty,3,N,4. Post offer,Part 2 - Application Line ID Workflow,,438363,677619,1077116,3,Permanent Resident (excl Humanitarian),5/9/1984 0:00:00,N,No,7106,Pakistan,7106.0,Pakistan,Online Application,,74.0,Qualified,Successful,Pakistan,NED University,,,2,746ST,Master of Engineering Structures,400,Engineering,,STD,N,2019,Start Year Intake,STYI,Start Year Intake,2019,Start Year Intake,STYI,Start Year Intake,MCW,HDCW,Full Degree,AF,AF,Y,$ACC,N
